id,url,fullText,clean_text,label
8.12692E+17,https://x.com/elonmusk/status/812691977217024000,"@SweensChris Should complete in 2017. One is def planned for Swift Current, near my cousin's wheat farm where I had my 18th bday.","Should complete in 2017. One is def planned for Swift Current, near my cousin's wheat farm where I had my 18th bday.",1
8.22131E+17,https://x.com/elonmusk/status/822130935588000000,"@cameronrad Not specifically, but there have been several incidences of pedestrian and bicyclist lives saved by Autopilot","Not specifically, but there have been several incidences of pedestrian and bicyclist lives saved by Autopilot",2
8.48936E+17,https://x.com/elonmusk/status/848935705057280000,Stormy weather in Shortville ...,Stormy weather in Shortville ...,1
8.70412E+17,https://x.com/elonmusk/status/870411649622000000,India commits to sell only electric cars by 2030. It is already the largest market for solar power. https://t.co/EGBNTPzmE5,India commits to sell only electric cars by 2030. It is already the largest market for solar power.,2
8.89752E+17,https://x.com/elonmusk/status/889751762944512000,@lars_0 @dcunni @SVbizjournal Movie on the subject coming soon...,Movie on the subject coming soon...,1
9.02811E+17,https://x.com/elonmusk/status/902810547384496000,@AdolfOosthuizen They're so real. Anyone going to that much trouble must really care. I'd gladly follow their comma… https://t.co/l4PGniSimd,They're so real. Anyone going to that much trouble must really care. I'd gladly follow their comma…,2
732247546924388352,https://x.com/elonmusk/status/732247546924388352,"Response to a Mercury News article about an injury on our premises
https://t.co/3BFgV6Hfia",Response to a Mercury News article about an injury on our premises,1
733009265288314880,https://x.com/elonmusk/status/733009265288314880,"@jlgolson Yes, but it is false of Merc News to say that Tesla took advantage of low cost labor. We paid $55/hr. That is unequivocal.","Yes, but it is false of Merc News to say that Tesla took advantage of low cost labor. We paid $55/hr. That is unequivocal.",0
735965207625932800,https://x.com/elonmusk/status/735965207625932800,"@SpaceX There was a tiny glitch in the motion of an upper stage engine actuator. Probably not a flight risk, but still worth investigating.","There was a tiny glitch in the motion of an upper stage engine actuator. Probably not a flight risk, but still worth investigating.",0
736319295345434624,https://x.com/elonmusk/status/736319295345434624,"Satellite deployed to 91,000 km apogee. All looks good.","Satellite deployed to 91,000 km apogee. All looks good.",2
736320322996076544,https://x.com/elonmusk/status/736320322996076544,"Rocket landing speed was close to design max &amp; used up contingency crush core, hence back &amp; forth motion. Prob ok, but some risk of tipping.","Rocket landing speed was close to design max &amp; used up contingency crush core, hence back &amp; forth motion. Prob ok, but some risk of tipping.",1
736787058170068992,https://x.com/elonmusk/status/736787058170068992,So it was good for you too ... https://t.co/9cxo39N1lQ,So it was good for you too ...,2
737859967450021888,https://x.com/elonmusk/status/737859967450021888,Good summary of Tesla annual meeting by @katiefehren https://t.co/G3enS77hJ7,Good summary of Tesla annual meeting by,2
738775567055523840,https://x.com/elonmusk/status/738775567055523840,"Yay, baby made it home!
https://t.co/KYyUX9zNYD","Yay, baby made it home!",2
739001483249618944,https://x.com/elonmusk/status/739001483249618944,@renzdimaandal @Tom_Stears It is simulations all the way down,It is simulations all the way down,1
739509168722186240,https://x.com/elonmusk/status/739509168722186240,@ahess247 @Recode I love Douglas Adams! My favorite spaceship ever is in HHGTTG.,I love Douglas Adams! My favorite spaceship ever is in HHGTTG.,2
740383850820296704,https://x.com/elonmusk/status/740383850820296704,Would like to clarify that Tesla is working exclusively with Panasonic for Model 3 cells. News articles claiming otherwise are incorrect.,Would like to clarify that Tesla is working exclusively with Panasonic for Model 3 cells. News articles claiming otherwise are incorrect.,1
741411531582115840,https://x.com/elonmusk/status/741411531582115840,"Of greater concern: 37 of 40 suspension complaints to NHTSA were fraudulent, i.e. false location or vehicle identification numbers were used","Of greater concern: 37 of 40 suspension complaints to NHTSA were fraudulent, i.e. false location or vehicle identification numbers were used",0
742107564733661184,https://x.com/elonmusk/status/742107564733661184,Latest science predicts &gt; trillion alien civilizations. Either they don't last long or there are a *lot* of aliens https://t.co/oC9B2FlUuF,Latest science predicts &gt; trillion alien civilizations. Either they don't last long or there are a *lot* of aliens,1
742108297122054144,https://x.com/elonmusk/status/742108297122054144,"And, no, I'm not an alien...but I used to be one","And, no, I'm not an alien...but I used to be one",1
742108893459800064,https://x.com/elonmusk/status/742108893459800064,"@rsmoz That, speed of light constraint and quantum mechanics","That, speed of light constraint and quantum mechanics",1
742120520678703104,https://x.com/elonmusk/status/742120520678703104,Highly recommend anything by Sean Carroll https://t.co/yVbceZm0Io,Highly recommend anything by Sean Carroll,2
743096769001578496,https://x.com/elonmusk/status/743096769001578496,"Ascent phase &amp; satellites look good, but booster rocket had a RUD on droneship","Ascent phase &amp; satellites look good, but booster rocket had a RUD on droneship",1
743097337782763520,https://x.com/elonmusk/status/743097337782763520,Looks like thrust was low on 1 of 3 landing engines. High g landings v sensitive to all engines operating at max.,Looks like thrust was low on 1 of 3 landing engines. High g landings v sensitive to all engines operating at max.,0
743098357728444416,https://x.com/elonmusk/status/743098357728444416,@AstroOrionMK @BadAstronomer Quite rapid... Yes,Quite rapid... Yes,1
743600755739754496,https://x.com/elonmusk/status/743600755739754496,@fucktyler Thanks Tyler,Thanks Tyler,2
744551674082136064,https://x.com/elonmusk/status/744551674082136064,"We *def* don't recommended this, but Model S floats well enough to turn it into a boat for short periods of time. Thrust via wheel rotation.","We *def* don't recommended this, but Model S floats well enough to turn it into a boat for short periods of time. Thrust via wheel rotation.",2
748140919501656064,https://x.com/elonmusk/status/748140919501656064,"My son recently asked what my favorite animal was. Well, of course … https://t.co/hpTniMe1mF","My son recently asked what my favorite animal was. Well, of course …",1
748625979271045120,https://x.com/elonmusk/status/748625979271045120,@artem_zin @theaweary Radar tunes out what looks like an overhead road sign to avoid false braking events,Radar tunes out what looks like an overhead road sign to avoid false braking events,1
750836652109594624,https://x.com/elonmusk/status/750836652109594624,"@disinformatico @Eddy_Jahn Tesla Tesla Autopilot is named after aircraft autopilot, as it is always expected that a pilot must stay alert.","Tesla Tesla Autopilot is named after aircraft autopilot, as it is always expected that a pilot must stay alert.",1
751318492775747584,https://x.com/elonmusk/status/751318492775747584,"@mrmeireles true, good point","true, good point",2
752193726462586880,https://x.com/elonmusk/status/752193726462586880,@vicentes Probably six months. Will include hundreds of refinements to handle rare corner cases in Autopilot.,Probably six months. Will include hundreds of refinements to handle rare corner cases in Autopilot.,2
752195291093213184,https://x.com/elonmusk/status/752195291093213184,@wfederman @stegen @FortuneMagazine thought I was posting Reuters. Copied the wrong link.,thought I was posting Reuters. Copied the wrong link.,1
752199681166315520,https://x.com/elonmusk/status/752199681166315520,@c4757p @SwiftOnSecurity Unless we get there and find it isn't enough. Just won't be before 1B.,Unless we get there and find it isn't enough. Just won't be before 1B.,0
752201456980078592,https://x.com/elonmusk/status/752201456980078592,@bolayer @SwiftOnSecurity US is ~11 deaths per billion miles. WW is 17 deaths per billion. Autopilot already much better than either so far.,US is ~11 deaths per billion miles. WW is 17 deaths per billion. Autopilot already much better than either so far.,2
752204733339701248,https://x.com/elonmusk/status/752204733339701248,@SwiftOnSecurity I like your tweets!,I like your tweets!,2
752270839458869248,https://x.com/elonmusk/status/752270839458869248,@nickg_uk already taken care of,already taken care of,1
753125662874042368,https://x.com/elonmusk/status/753125662874042368,We don't mind taking the heat for customer safety. It is the right thing to do. From @RoadandTrack https://t.co/D181ui1jB0,We don't mind taking the heat for customer safety. It is the right thing to do. From,2
753781810518122496,https://x.com/elonmusk/status/753781810518122496,"@DMC_Ryan Maybe didn't realize he turned it off, but the car does issue a loud chime and a visual warning on the instrument cluster.","Maybe didn't realize he turned it off, but the car does issue a loud chime and a visual warning on the instrument cluster.",1
753786870379581440,https://x.com/elonmusk/status/753786870379581440,@DanistopMe only just gained access to physical vehicle,only just gained access to physical vehicle,1
753791633204781056,https://x.com/elonmusk/status/753791633204781056,@erik_smith1 @ihavetweets certainly moderate and maybe big advances w no incremental hardware,certainly moderate and maybe big advances w no incremental hardware,2
753843823546028032,https://x.com/elonmusk/status/753843823546028032,"Good thing about radar is that, unlike lidar (which is visible wavelength), it can see through rain, snow, fog and dust","Good thing about radar is that, unlike lidar (which is visible wavelength), it can see through rain, snow, fog and dust",2
753844173313183744,https://x.com/elonmusk/status/753844173313183744,@pfierens Logs were downloaded for NHTSA and NTSB. Identical copies to all.,Logs were downloaded for NHTSA and NTSB. Identical copies to all.,1
754652713418428416,https://x.com/elonmusk/status/754652713418428416,Sensible article on Autopilot by @the guardian https://t.co/BbvXaNI4Xk,Sensible article on Autopilot by guardian,2
754801124755013632,https://x.com/elonmusk/status/754801124755013632,"Tesla customers are v smart &amp; don't want media speaking on their behalf abt Autopilot. Recent poll: 0.0% want it disabled -- not 0.1%, 0.0%.","Tesla customers are v smart &amp; don't want media speaking on their behalf abt Autopilot. Recent poll: 0.0% want it disabled -- not 0.1%, 0.0%.",2
755166100967550976,https://x.com/elonmusk/status/755166100967550976,Can't wait to see all three cores of Falcon Heavy come back for landings! First two will be almost simultaneous. https://t.co/ryMiewZM4L,Can't wait to see all three cores of Falcon Heavy come back for landings! First two will be almost simultaneous.,2
755929747763245056,https://x.com/elonmusk/status/755929747763245056,"Tesla Master Plan, Part Deux
https://t.co/XQeTlsoEdE","Tesla Master Plan, Part Deux",1
755931999487991808,https://x.com/elonmusk/status/755931999487991808,@katiefehren Both should have been done under the same corporate umbrella from the beginning,Both should have been done under the same corporate umbrella from the beginning,1
755940191571808256,https://x.com/elonmusk/status/755940191571808256,@MRamseyWSJ Great game. Whole Fallout series is amazing.,Great game. Whole Fallout series is amazing.,2
756004029239472128,https://x.com/elonmusk/status/756004029239472128,Autopilot prevents serious injury or death of a pedestrian in NY (owner anecdote confirmed by vehicle logs) https://t.co/NceuqckqCK,Autopilot prevents serious injury or death of a pedestrian in NY (owner anecdote confirmed by vehicle logs),2
756664069646487552,https://x.com/elonmusk/status/756664069646487552,@vicentes as long as I'm alive,as long as I'm alive,1
758851109817421824,https://x.com/elonmusk/status/758851109817421824,The libertarian argument for a carbon tax https://t.co/WmbGp2YuUO,The libertarian argument for a carbon tax,1
759247416495316992,https://x.com/elonmusk/status/759247416495316992,Gigafactory in units of hamster https://t.co/9BAchcBX73,Gigafactory in units of hamster,1
759413262899290112,https://x.com/elonmusk/status/759413262899290112,@sethpascale @TeslaMotors glad people had a great time!,glad people had a great time!,2
759797091375906816,https://x.com/elonmusk/status/759797091375906816,@RoadandTrack @TeslaMotors Model Y (compact SUV) off Model 3 chassis. Tesla Bus/Minibus/Spacebus off Model X.,Model Y (compact SUV) off Model 3 chassis. Tesla Bus/Minibus/Spacebus off Model X.,1
762097903452102656,https://x.com/elonmusk/status/762097903452102656,Sure feels weird to find myself defending the robots,Sure feels weird to find myself defending the robots,1
763096729134575616,https://x.com/elonmusk/status/763096729134575616,Would like to thank @nvidia and Jensen for donating the first DGX-1 AI supercomputer to @OpenAI in support of democratizing AI technology,Would like to thank and Jensen for donating the first DGX-1 AI supercomputer to in support of democratizing AI technology,2
763108676039090176,https://x.com/elonmusk/status/763108676039090176,Will try out @NoMansSky this weekend. Maybe reality is just a series of nested simulations all the way down ... https://t.co/DCMr1TVOdL,Will try out this weekend. Maybe reality is just a series of nested simulations all the way down ...,1
769697521706860544,https://x.com/elonmusk/status/769697521706860544,@BelovedRevol Making progress. Maybe something to announce in a few months. Have played all prior Deus Ex. Not this one yet.,Making progress. Maybe something to announce in a few months. Have played all prior Deus Ex. Not this one yet.,1
771005524322033664,https://x.com/elonmusk/status/771005524322033664,Major improvements to Autopilot coming with V8.0 and 8.1 software (std OTA update) primarily through advanced processing of radar signals,Major improvements to Autopilot coming with V8.0 and 8.1 software (std OTA update) primarily through advanced processing of radar signals,2
774153847371501568,https://x.com/elonmusk/status/774153847371501568,Particularly trying to understand the quieter bang sound a few seconds before the fireball goes off. May come from rocket or something else.,Particularly trying to understand the quieter bang sound a few seconds before the fireball goes off. May come from rocket or something else.,1
774154956739743744,https://x.com/elonmusk/status/774154956739743744,"@LewisChandlerDN nope, it wasn't me","nope, it wasn't me",1
775632728548970496,https://x.com/elonmusk/status/775632728548970496,"Climate change explained in comic book form by xkcd 
https://t.co/3tEfEnXW0L",Climate change explained in comic book form by xkcd,1
775732400491868160,https://x.com/elonmusk/status/775732400491868160,Scientists: Earth Endangered by New Strain of Fact-Resistant Humans https://t.co/ihmrY43rHa via @BorowitzReport,Scientists: Earth Endangered by New Strain of Fact-Resistant Humans via,0
775819887348363264,https://x.com/elonmusk/status/775819887348363264,"Comprehensive study by Autolist shows that a Tesla retains its value far better than gasoline sedans
https://t.co/QrBuVj3qKi",Comprehensive study by Autolist shows that a Tesla retains its value far better than gasoline sedans,2
776677760039133184,https://x.com/elonmusk/status/776677760039133184,@danielringdahl @P100D Glad you like it! I think we will probably stop at 100 kWh on battery size.,Glad you like it! I think we will probably stop at 100 kWh on battery size.,2
776827475925934080,https://x.com/elonmusk/status/776827475925934080,@danielringdahl @P100D won't affect performance,won't affect performance,1
776956202936782848,https://x.com/elonmusk/status/776956202936782848,@kzmakino sounds about right,sounds about right,2
778599820227252224,https://x.com/elonmusk/status/778599820227252224,"V8.0 starts downloading tonight. Release will be gradual to make sure there aren't small regressions. Many car configs, many environments.","V8.0 starts downloading tonight. Release will be gradual to make sure there aren't small regressions. Many car configs, many environments.",1
778602042759585792,https://x.com/elonmusk/status/778602042759585792,My favorite new feature is the always-on max temp control for keeping kids and pets safe from overheating.,My favorite new feature is the always-on max temp control for keeping kids and pets safe from overheating.,2
778602694399320064,https://x.com/elonmusk/status/778602694399320064,Tesla keeps temp below 40C/105F by automatically venting cabin &amp; turning on AC when needed. Can do this for up to a year on a full charge.,Tesla keeps temp below 40C/105F by automatically venting cabin &amp; turning on AC when needed. Can do this for up to a year on a full charge.,2
778603745915527168,https://x.com/elonmusk/status/778603745915527168,Can be turned on or off. V8.1 will allow always-on min and max temps to be set.,Can be turned on or off. V8.1 will allow always-on min and max temps to be set.,1
778627254028951552,https://x.com/elonmusk/status/778627254028951552,@thefrownyface @massossltd I read a story about a father whose son died incredibly quickly. Can be as little as half an hour in hot sun.,I read a story about a father whose son died incredibly quickly. Can be as little as half an hour in hot sun.,0
778868961861656576,https://x.com/elonmusk/status/778868961861656576,@tylerthecreator thanks for ordering a car!,thanks for ordering a car!,2
779461663141474304,https://x.com/elonmusk/status/779461663141474304,Good Forbes article on Tesla/SolarCity merger https://t.co/guNh5q2zrl,Good Forbes article on Tesla/SolarCity merger,2
780280440401764352,https://x.com/elonmusk/status/780280440401764352,Production Raptor goal is specific impulse of 382 seconds and thrust of 3 MN (~310 metric tons) at 300 bar,Production Raptor goal is specific impulse of 382 seconds and thrust of 3 MN (~310 metric tons) at 300 bar,1
780608204833165312,https://x.com/elonmusk/status/780608204833165312,"@rocketrepreneur Meant to say 200 AR for production vac engine. Dev will be up to 150. Beyond that, too much flow separation in Earth atmos.","Meant to say 200 AR for production vac engine. Dev will be up to 150. Beyond that, too much flow separation in Earth atmos.",1
780900979294269440,https://x.com/elonmusk/status/780900979294269440,A Million Humans Could Live on Mars By the 2060s https://t.co/d0nlk1xfOl via @NatGeo,A Million Humans Could Live on Mars By the 2060s via,1
781208371378520064,https://x.com/elonmusk/status/781208371378520064,@GoodDayM Am tracking this down ... Super important to be fair. There are zero discounts even for family and friends.,Am tracking this down ... Super important to be fair. There are zero discounts even for family and friends.,1
781264006145335296,https://x.com/elonmusk/status/781264006145335296,"@SteveBatzer @GoodDayM Corrective action taken. Seems to be limited to a small number of cases, but thanks for lett… https://t.co/vrtlttgFwb","Corrective action taken. Seems to be limited to a small number of cases, but thanks for lett…",2
782642916887924736,https://x.com/elonmusk/status/782642916887924736,"No irony or uhh ""shade"" meant here. T's character is excellent and well-played. Worth seeing.","No irony or uhh ""shade"" meant here. T's character is excellent and well-played. Worth seeing.",2
783847197427335168,https://x.com/elonmusk/status/783847197427335168,@derektmead Thus I deserve to be top of the target list? Maybe there's a dude who really digs the color gold who is slightly more deserving…,Thus I deserve to be top of the target list? Maybe there's a dude who really digs the color gold who is slightly more deserving…,0
784441057857589248,https://x.com/elonmusk/status/784441057857589248,@DanMerriweather lot of circumstantial evidence for that hypothesis,lot of circumstantial evidence for that hypothesis,1
784487348562198528,https://x.com/elonmusk/status/784487348562198528,Cumulative Tesla Autopilot miles now at 222 million,Cumulative Tesla Autopilot miles now at 222 million,2
785135480811712512,https://x.com/elonmusk/status/785135480811712512,@FuncRandm I agree. Speed of light is a point in favor of the sim.,I agree. Speed of light is a point in favor of the sim.,2
785483088109326336,https://x.com/elonmusk/status/785483088109326336,Coal-mining CEO: 'Tesla is a fraud' https://t.co/IpQJAlAo3f via @YahooFinance,Coal-mining CEO: 'Tesla is a fraud' via,0
786601762354442240,https://x.com/elonmusk/status/786601762354442240,@vicentes obviously wrong,obviously wrong,0
788902908175618048,https://x.com/elonmusk/status/788902908175618048,Will post video of a Tesla navigating a complex urban environment shortly. That was what took the extra couple of days.,Will post video of a Tesla navigating a complex urban environment shortly. That was what took the extra couple of days.,1
789019145853513728,https://x.com/elonmusk/status/789019145853513728,"Tesla drives itself (no human input at all) thru urban streets to highway to streets, then finds a parking spot https://t.co/V2T7KGMPBo","Tesla drives itself (no human input at all) thru urban streets to highway to streets, then finds a parking spot",2
791321336824012800,https://x.com/elonmusk/status/791321336824012800,"@bstep fixing, but in a slightly different way","fixing, but in a slightly different way",1
791756469305679872,https://x.com/elonmusk/status/791756469305679872,"Solar roof unveil now at 5:30pm sharp (need daylight, for obvious reasons) California time tomorrow.","Solar roof unveil now at 5:30pm sharp (need daylight, for obvious reasons) California time tomorrow.",1
791784652709044224,https://x.com/elonmusk/status/791784652709044224,Solar roof plus Powerwall 2.0 launch event will be webcast live on https://t.co/46TXqRrsdr at 5:30pm PDT tomorrow,Solar roof plus Powerwall 2.0 launch event will be webcast live on at 5:30pm PDT tomorrow,1
792218248917811200,https://x.com/elonmusk/status/792218248917811200,"Solar glass tiles can also incorporate heating elements, like rear defroster on a car, to clear roof of snow and keep generating energy","Solar glass tiles can also incorporate heating elements, like rear defroster on a car, to clear roof of snow and keep generating energy",2
792220517654597632,https://x.com/elonmusk/status/792220517654597632,@BobaFaux strongly net positive,strongly net positive,2
794548584213454848,https://x.com/elonmusk/status/794548584213454848,"Institutional Shareholder Services, world's top independent evaluator, recommends in favor of Tesla-SolarCity merger https://t.co/o17l0Jbswa","Institutional Shareholder Services, world's top independent evaluator, recommends in favor of Tesla-SolarCity merger",2
794553279585742848,https://x.com/elonmusk/status/794553279585742848,Will be on @CNBC with Ron Baron in about half an hour https://t.co/OOL5yv5ue6,Will be on with Ron Baron in about half an hour,1
794557434429771776,https://x.com/elonmusk/status/794557434429771776,"In addition, we reinforced the surrounding body structure for improved safety (was already 5 star in all categories).","In addition, we reinforced the surrounding body structure for improved safety (was already 5 star in all categories).",2
794578637987016704,https://x.com/elonmusk/status/794578637987016704,@bakkedahl use buttons on left side of steering wheel,use buttons on left side of steering wheel,1
794580994263158784,https://x.com/elonmusk/status/794580994263158784,@Locobooff it is not actually left-handed,it is not actually left-handed,1
794698336301219840,https://x.com/elonmusk/status/794698336301219840,@Pmnickbeach @bakkedahl next software update fixes that,next software update fixes that,2
794965733151117312,https://x.com/elonmusk/status/794965733151117312,"@muodebe Both UV and IR (for heat) reflective. I burn easily &amp; then my nose looks like Rudolph the reindeer, so I totally understand.","Both UV and IR (for heat) reflective. I burn easily &amp; then my nose looks like Rudolph the reindeer, so I totally understand.",1
798886670468644864,https://x.com/elonmusk/status/798886670468644864,"@ID_AA_Carmack we could enable that, although the cameras use grey, grey, grey, red detection, so it would look a little greyish red :)","we could enable that, although the cameras use grey, grey, grey, red detection, so it would look a little greyish red :)",1
804205155822374912,https://x.com/elonmusk/status/804205155822374912,Model S smashes into semi truck trailer and lifts it off the ground. Driver walks away. https://t.co/NSuMvcYaA6,Model S smashes into semi truck trailer and lifts it off the ground. Driver walks away.,2
807354766804168704,https://x.com/elonmusk/status/807354766804168704,Forming a rocket nozzle https://t.co/QrpcVyHAXr,Forming a rocket nozzle,1
810126493326209024,https://x.com/elonmusk/status/810126493326209024,"Boring, it's what we do","Boring, it's what we do",0
810135528783937536,https://x.com/elonmusk/status/810135528783937536,@TeslaMotors We are going to modify this so that people only pay a fee if most bays are occupied. If the site is ba… https://t.co/IrXtSbsR5N,We are going to modify this so that people only pay a fee if most bays are occupied. If the site is ba…,1
810156881662590976,https://x.com/elonmusk/status/810156881662590976,I am actually going to do this,I am actually going to do this,1
811738008969842688,https://x.com/elonmusk/status/811738008969842688,Tesla Autopilot vision neural net now working well. Just need to get a lot of road time to validate in a wide range of environments.,Tesla Autopilot vision neural net now working well. Just need to get a lot of road time to validate in a wide range of environments.,2
812105546144694272,https://x.com/elonmusk/status/812105546144694272,"@SamLawrence 8.1, which hopefully goes out next week.","8.1, which hopefully goes out next week.",1
812106617072152576,https://x.com/elonmusk/status/812106617072152576,@Thebeazles Night is easy. Twilight is hardest.,Night is easy. Twilight is hardest.,1
812703071427960832,https://x.com/elonmusk/status/812703071427960832,"@ddaogaru If you don't like the P100DL, you can give it back","If you don't like the P100DL, you can give it back",0
812800512743514112,https://x.com/elonmusk/status/812800512743514112,Deus ex machina on the center screen when it ends,Deus ex machina on the center screen when it ends,1
817123579343028224,https://x.com/elonmusk/status/817123579343028224,Hold-down firing of @SpaceX Falcon 9 at Vandenberg Air Force completed. All systems are go for launch next week.,Hold-down firing of Falcon 9 at Vandenberg Air Force completed. All systems are go for launch next week.,2
818090148608868352,https://x.com/elonmusk/status/818090148608868352,New rev for Autopilot HW2 rolling out Mon to first 1000 &amp; to rest of fleet in shadow mode. Also improves HW1 and enables Ludicrous+.,New rev for Autopilot HW2 rolling out Mon to first 1000 &amp; to rest of fleet in shadow mode. Also improves HW1 and enables Ludicrous+.,2
820932361915203584,https://x.com/elonmusk/status/820932361915203584,"HW2 Autopilot now downloading to all HW2 cars, but in non-actuating mode to assess reliability. If looks good, actuation by end of week.","HW2 Autopilot now downloading to all HW2 cars, but in non-actuating mode to assess reliability. If looks good, actuation by end of week.",1
820934434002063360,https://x.com/elonmusk/status/820934434002063360,"Rewatched ""Ghost in the Shell"" and the end of ""Colossus: The Forbin Project"" https://t.co/ZVUR5RzE5C","Rewatched ""Ghost in the Shell"" and the end of ""Colossus: The Forbin Project""",1
820935727651241984,https://x.com/elonmusk/status/820935727651241984,@FellipeC Not the ideal ending,Not the ideal ending,0
822129390729326592,https://x.com/elonmusk/status/822129390729326592,@gavinnwaters Looking good so far. Should roll out this weekend.,Looking good so far. Should roll out this weekend.,2
822922507535560704,https://x.com/elonmusk/status/822922507535560704,Autopilot for HW2 rolling out to all HW2 cars today. Please be cautious. Some cars will require adjustment of camera pitch angle by service.,Autopilot for HW2 rolling out to all HW2 cars today. Please be cautious. Some cars will require adjustment of camera pitch angle by service.,1
822930188040142848,https://x.com/elonmusk/status/822930188040142848,Giant X made of Model X's by Tesla owners in China! https://t.co/54wXBKiKvp,Giant X made of Model X's by Tesla owners in China!,2
822984601630953472,https://x.com/elonmusk/status/822984601630953472,@dtweiseth Tesla will never stop innovating. People are buying the wrong car if they expect this. There will be maj… https://t.co/6O8yA90zhi,Tesla will never stop innovating. People are buying the wrong car if they expect this. There will be maj…,2
823214178458476544,https://x.com/elonmusk/status/823214178458476544,@dnansink40 Autonomy capability should improve via OTA every 2 to 6 weeks,Autonomy capability should improve via OTA every 2 to 6 weeks,1
823632597284691968,https://x.com/elonmusk/status/823632597284691968,"@stephenstohn Yes, safety should improve significantly due to autonomy features, even if regs disallow no driver present","Yes, safety should improve significantly due to autonomy features, even if regs disallow no driver present",2
824011724357373952,https://x.com/elonmusk/status/824011724357373952,"@danahull Rex is an exceptionally competent executive, understands geopolitics and knows how to win for his team. His team is now the USA.","Rex is an exceptionally competent executive, understands geopolitics and knows how to win for his team. His team is now the USA.",2
824056075217420288,https://x.com/elonmusk/status/824056075217420288,@Michael_McLean That may be a difficult award to decline,That may be a difficult award to decline,1
824141566788898816,https://x.com/elonmusk/status/824141566788898816,@MichaelEMann No they don't,No they don't,1
824147366844436480,https://x.com/elonmusk/status/824147366844436480,@MichaelEMann I'm just saying that we should see what happens first. The actions may be surprising.,I'm just saying that we should see what happens first. The actions may be surprising.,1
824149662366126080,https://x.com/elonmusk/status/824149662366126080,Rex Tillerson supports a carbon tax. This is what is really needed to move the needle. https://t.co/6ne01TOzs1,Rex Tillerson supports a carbon tax. This is what is really needed to move the needle.,2
824182024479133696,https://x.com/elonmusk/status/824182024479133696,Exciting progress on the tunnel front. Plan to start digging in a month or so.,Exciting progress on the tunnel front. Plan to start digging in a month or so.,2
824300186834898944,https://x.com/elonmusk/status/824300186834898944,"@TheSkinsFactory Earthquakes tend to have the biggest effect on the surface, like waves on water. That's why LA can… https://t.co/taeYtloJpD","Earthquakes tend to have the biggest effect on the surface, like waves on water. That's why LA can…",1
825205236956483584,https://x.com/elonmusk/status/825205236956483584,And we start digging the tunnel tonight https://t.co/UYSIU0qg34,And we start digging the tunnel tonight,1
825502400454594560,https://x.com/elonmusk/status/825502400454594560,The blanket entry ban on citizens from certain primarily Muslim countries is not the best way to address the country’s challenges,The blanket entry ban on citizens from certain primarily Muslim countries is not the best way to address the country’s challenges,0
825936326264360960,https://x.com/elonmusk/status/825936326264360960,Reading the source material is better than reading other people's opinions about the source material https://t.co/HKIYKbdb3g,Reading the source material is better than reading other people's opinions about the source material,1
827926509197332480,https://x.com/elonmusk/status/827926509197332480,"@DanielleBloeme Yes, for now, but this should be addressed on all fronts: judicial, legislative and executive.","Yes, for now, but this should be addressed on all fronts: judicial, legislative and executive.",1
827928366711967744,https://x.com/elonmusk/status/827928366711967744,@eveegdmann Really don't want to get in politics. I just want to help invent and develop technologies that improve lives. Feels so bizarre.,Really don't want to get in politics. I just want to help invent and develop technologies that improve lives. Feels so bizarre.,1
827954983710650368,https://x.com/elonmusk/status/827954983710650368,26 ft diameter tunnel running 2 miles under D.C. https://t.co/XFQkioEsg8,26 ft diameter tunnel running 2 miles under D.C.,1
827983309359763456,https://x.com/elonmusk/status/827983309359763456,"Rainbows, unicorns and electric cars https://t.co/oGHkVUmpdi","Rainbows, unicorns and electric cars",1
828004976228188160,https://x.com/elonmusk/status/828004976228188160,@ChrisJCav Maybe my favorite mug ever,Maybe my favorite mug ever,2
828280866451374080,https://x.com/elonmusk/status/828280866451374080,"Many in America don't realize how proud they should be of the legal system. Not perfect, but nowhere is the cause of justice better served.","Many in America don't realize how proud they should be of the legal system. Not perfect, but nowhere is the cause of justice better served.",2
828282648711802880,https://x.com/elonmusk/status/828282648711802880,@iLexomat There are many good legal systems on par with US. Just don't know any that are better.,There are many good legal systems on par with US. Just don't know any that are better.,2
828284048103579648,https://x.com/elonmusk/status/828284048103579648,@humplik The remedy for that is changing the law,The remedy for that is changing the law,1
828287354741936128,https://x.com/elonmusk/status/828287354741936128,@KENEMONICS You're right. Politics is a no-win situation. Somebody is going to hate what you say no matter what that is.,You're right. Politics is a no-win situation. Somebody is going to hate what you say no matter what that is.,0
828291190965551104,https://x.com/elonmusk/status/828291190965551104,"@W4AS Good grief, I'm not ""working"" for Trump. I'm trying to provide advice that helps take things in a more positive direction.","Good grief, I'm not ""working"" for Trump. I'm trying to provide advice that helps take things in a more positive direction.",0
828291645548408832,https://x.com/elonmusk/status/828291645548408832,@BullFlags Yeah. And Twitter is a hater Hellscape.,Yeah. And Twitter is a hater Hellscape.,0
828292953798012928,https://x.com/elonmusk/status/828292953798012928,@RealPhillipPoon Needs a major overhaul,Needs a major overhaul,0
828297251026001920,https://x.com/elonmusk/status/828297251026001920,"@marcelsalathe Not perfect &amp; cd be better, but 10th out of 200+ countries with only a 0.08 diff to ""1st"" place means it's essentially on par","Not perfect &amp; cd be better, but 10th out of 200+ countries with only a 0.08 diff to ""1st"" place means it's essentially on par",1
828297954314289152,https://x.com/elonmusk/status/828297954314289152,@rtoro20 Really? I already have both feet in my mouth and am levitating on my own idiocy...,Really? I already have both feet in my mouth and am levitating on my own idiocy...,0
828303494981550080,https://x.com/elonmusk/status/828303494981550080,@Wise1919 @FredericLambert Rolling out a new update today.,Rolling out a new update today.,1
828304178644656128,https://x.com/elonmusk/status/828304178644656128,@CycleTrades @rtoro20 People should push to have as many moderates advising the President as possible. Blind hate is never the right answer.,People should push to have as many moderates advising the President as possible. Blind hate is never the right answer.,1
828305244891336704,https://x.com/elonmusk/status/828305244891336704,"@FredericLambert Yeah, it is hard to convey complex ideas in 140 chars and tone is lost in text","Yeah, it is hard to convey complex ideas in 140 chars and tone is lost in text",1
828309896122789888,https://x.com/elonmusk/status/828309896122789888,@christesla @FredericLambert Almost there. We are just being very careful with the rollout.,Almost there. We are just being very careful with the rollout.,1
828314321679704064,https://x.com/elonmusk/status/828314321679704064,@MacTechGenius App update is about two weeks out. Linux kernel and browser update probably a month or so. HW2 Autopilot has priority.,App update is about two weeks out. Linux kernel and browser update probably a month or so. HW2 Autopilot has priority.,1
828320620463140864,https://x.com/elonmusk/status/828320620463140864,Signing off now. That was more than enough Twitter trouble for one morning!,Signing off now. That was more than enough Twitter trouble for one morning!,0
828981873086865408,https://x.com/elonmusk/status/828981873086865408,Production Tesla Model S P100DL sets Motor Trend all-time world record to 60 mph in 2.27 sec https://t.co/sxALQrM5Ls,Production Tesla Model S P100DL sets Motor Trend all-time world record to 60 mph in 2.27 sec,2
828998837578526720,https://x.com/elonmusk/status/828998837578526720,"@Veidit No plans to take X, S (or 3) above 100 kWh. Semi necessarily and pickup truck maybe will go above.","No plans to take X, S (or 3) above 100 kWh. Semi necessarily and pickup truck maybe will go above.",1
828999653886550016,https://x.com/elonmusk/status/828999653886550016,"@jovanik21 Also, Tesla service can remove front trunk liner if you don't use it and improve performance further","Also, Tesla service can remove front trunk liner if you don't use it and improve performance further",1
829027848434257920,https://x.com/elonmusk/status/829027848434257920,@goel_ishan Hoping for summer this year,Hoping for summer this year,2
829447188325412864,https://x.com/elonmusk/status/829447188325412864,@SundalJ Should all be uploaded by next month,Should all be uploaded by next month,1
829861775357071360,https://x.com/elonmusk/status/829861775357071360,"@RusulAlrubail @MarkRuffalo @guardian Please check your facts. Tesla and SpaceX joined as soon as we received the filing, which was Monday.","Please check your facts. Tesla and SpaceX joined as soon as we received the filing, which was Monday.",0
830148763578662912,https://x.com/elonmusk/status/830148763578662912,Falcon 9 rocket now vertical at Cape Canaveral on launch complex 39-A. This is the same launch… https://t.co/wY6dWRcer3,Falcon 9 rocket now vertical at Cape Canaveral on launch complex 39-A. This is the same launch…,1
831692803210096640,https://x.com/elonmusk/status/831692803210096640,@lollieshopMOM Best place to watch is on the Cape causeway,Best place to watch is on the Cape causeway,2
832084402473627648,https://x.com/elonmusk/status/832084402473627648,"Apparently, there is this thing called ""Dad jokes"" and I make them","Apparently, there is this thing called ""Dad jokes"" and I make them",1
832084918645596160,https://x.com/elonmusk/status/832084918645596160,"@Floydilicious Yeah, awesome achievement by ISRO. Very impressive!","Yeah, awesome achievement by ISRO. Very impressive!",2
832085554619572224,https://x.com/elonmusk/status/832085554619572224,"@LittleDovah Yeah, exactly. So that makes it cool, right!?","Yeah, exactly. So that makes it cool, right!?",2
832480331496185856,https://x.com/elonmusk/status/832480331496185856,@sc00bs It's much easier to do the CGI that way,It's much easier to do the CGI that way,2
832647116816150528,https://x.com/elonmusk/status/832647116816150528,"Investigating a (very small) leak in the upper stage. If ok, will launch tomorrow. https://t.co/bQf97lywn4","Investigating a (very small) leak in the upper stage. If ok, will launch tomorrow.",1
832788691588296704,https://x.com/elonmusk/status/832788691588296704,Looks like we are go for launch. Added an abort trigger at T-60 secs for pressure decay of upper stage helium spin start system.,Looks like we are go for launch. Added an abort trigger at T-60 secs for pressure decay of upper stage helium spin start system.,2
832986598627106816,https://x.com/elonmusk/status/832986598627106816,"@zperrin99 Uses high pressure bleed off the fuel side (RP-1 kerosene) turbopump, so no dedicated pump or fluid needed","Uses high pressure bleed off the fuel side (RP-1 kerosene) turbopump, so no dedicated pump or fluid needed",1
834740218531962880,https://x.com/elonmusk/status/834740218531962880,Excellent Tesla Model X review https://t.co/wvog4Pbo1o,Excellent Tesla Model X review,2
835178020604301312,https://x.com/elonmusk/status/835178020604301312,@adrianvolts Minor improvements update this weekend. High speed autosteer in about two weeks.,Minor improvements update this weekend. High speed autosteer in about two weeks.,2
835187859158020096,https://x.com/elonmusk/status/835187859158020096,@donbarbieri @GreenCarReports Good chance it will,Good chance it will,2
835351081945350144,https://x.com/elonmusk/status/835351081945350144,@DueDiamond maybe one of those too,maybe one of those too,1
837113202030759936,https://x.com/elonmusk/status/837113202030759936,Thank you for the lovely letter. That sounds like a great idea. We'll do it! https://t.co/ss2WmkOGyk,Thank you for the lovely letter. That sounds like a great idea. We'll do it!,2
840032197637685248,https://x.com/elonmusk/status/840032197637685248,@mcannonbrookes Tesla will get the system installed and working 100 days from contract signature or it is free. That serious enough for you?,Tesla will get the system installed and working 100 days from contract signature or it is free. That serious enough for you?,1
840096176678420480,https://x.com/elonmusk/status/840096176678420480,@mcannonbrookes $250/kWh at the pack level for 100MWh+ systems. Tesla is moving to fixed and open pricing and terms for all products.,$250/kWh at the pack level for 100MWh+ systems. Tesla is moving to fixed and open pricing and terms for all products.,1
840774191049658368,https://x.com/elonmusk/status/840774191049658368,@williamwinters High voltage DC is for sure the best way to transmit electricity over long distances. Good explanat… https://t.co/Ucz8O3Tfm1,High voltage DC is for sure the best way to transmit electricity over long distances. Good explanat…,2
841041891747545088,https://x.com/elonmusk/status/841041891747545088,"@BizbuilderUSA @mcannonbrookes It's been a bear to get done, but prob 10 days or so, depending on full speed autosteer test results","It's been a bear to get done, but prob 10 days or so, depending on full speed autosteer test results",1
841563925707546624,https://x.com/elonmusk/status/841563925707546624,"Finally, an explanation for daylight savings that makes sense ... https://t.co/kGpJHNgRJO","Finally, an explanation for daylight savings that makes sense ...",2
841564430399807488,https://x.com/elonmusk/status/841564430399807488,@PriyancaFord I wish. It's so annoying.,I wish. It's so annoying.,0
845175921317335040,https://x.com/elonmusk/status/845175921317335040,@Nites I hope that didn't work,I hope that didn't work,0
845281211626864640,https://x.com/elonmusk/status/845281211626864640,@luciojr All Tesla cars built since Oct last year will be capable of self-driving as software improves,All Tesla cars built since Oct last year will be capable of self-driving as software improves,2
845282298291339264,https://x.com/elonmusk/status/845282298291339264,"@theKen_Miller Sorta. Model 3 is like a BMW 3 series or Audi A4. Model S is like BMW 5 and 6 series, but much faste… https://t.co/m7gxmtjGrZ","Sorta. Model 3 is like a BMW 3 series or Audi A4. Model S is like BMW 5 and 6 series, but much faste…",2
845282590030360576,https://x.com/elonmusk/status/845282590030360576,@AlSaibie Yes. Hardware already on all production S and X cars.,Yes. Hardware already on all production S and X cars.,1
845282733546921984,https://x.com/elonmusk/status/845282733546921984,"@JimPengelly Yes, but not until next year","Yes, but not until next year",1
845286206539685888,https://x.com/elonmusk/status/845286206539685888,@VoltzCoreAudio Nothing majorly new that a consumer would notice. Lots of new tech in the design and production process though.,Nothing majorly new that a consumer would notice. Lots of new tech in the design and production process though.,1
845293157977767936,https://x.com/elonmusk/status/845293157977767936,"@dr_angus Yeah, probably a year from now. S will still win on acceleration though, due to having more space for a larger battery.","Yeah, probably a year from now. S will still win on acceleration though, due to having more space for a larger battery.",1
845293825715154944,https://x.com/elonmusk/status/845293825715154944,@HolsMichael Start taking orders in April,Start taking orders in April,1
845403535353143296,https://x.com/elonmusk/status/845403535353143296,@erikhaaland We cannot make all country versions simultaneously or the production start would be a disaster. You would get first in Norway.,We cannot make all country versions simultaneously or the production start would be a disaster. You would get first in Norway.,1
846768171486855168,https://x.com/elonmusk/status/846768171486855168,@nickg_uk @chouky02 You won't care,You won't care,0
846772378067648512,https://x.com/elonmusk/status/846772378067648512,@danahull Very few. We have yet to do a China (or Europe) launch of Model 3.,Very few. We have yet to do a China (or Europe) launch of Model 3.,1
847259545755820032,https://x.com/elonmusk/status/847259545755820032,Made today on Tesla sketch pad https://t.co/Z8dFP2NN41,Made today on Tesla sketch pad,1
847594208219336704,https://x.com/elonmusk/status/847594208219336704,Incredibly proud of the SpaceX team for achieving this milestone in space! Next goal is reflight within 24 hours.,Incredibly proud of the SpaceX team for achieving this milestone in space! Next goal is reflight within 24 hours.,2
847881536254955520,https://x.com/elonmusk/status/847881536254955520,@oxfordteddy Browser is already a little better. Kernel and browser update in prob 6 weeks or so (lots of underlyin… https://t.co/XtgQGwJ21D,Browser is already a little better. Kernel and browser update in prob 6 weeks or so (lots of underlyin…,1
847883435100299264,https://x.com/elonmusk/status/847883435100299264,"@redletterdave Good point, odds go from 0% to &gt;0% :)","Good point, odds go from 0% to &gt;0% :)",2
847890916048338944,https://x.com/elonmusk/status/847890916048338944,@tesla_addict @TeslaMotors Working on it,Working on it,1
848036043240636416,https://x.com/elonmusk/status/848036043240636416,"@adamsbj Def P100D with Ludicrous+, although the rocket starts going a lot faster after that","Def P100D with Ludicrous+, although the rocket starts going a lot faster after that",1
848398971139629056,https://x.com/elonmusk/status/848398971139629056,@SuperCoolCube Pretty good,Pretty good,2
848415731502923776,https://x.com/elonmusk/status/848415731502923776,@Lexxxzis It's just a helicopter in helicopter's clothing,It's just a helicopter in helicopter's clothing,1
856196719746457600,https://x.com/elonmusk/status/856196719746457600,@juancarlosrs @elpilot That is the aspiration: to avoid AI becoming other.,That is the aspiration: to avoid AI becoming other.,1
856292321364631552,https://x.com/elonmusk/status/856292321364631552,"Having moo moo at Moo Moo Gold Coast with amberheard, @CreepyPuppet and @CowanFilms https://t.co/SUM2RYYN7O","Having moo moo at Moo Moo Gold Coast with amberheard, and",1
856354252209442816,https://x.com/elonmusk/status/856354252209442816,@JudeBurger @realamberheard @teslaownersau Will definitely do that on my next trip,Will definitely do that on my next trip,2
860377370171121664,https://x.com/elonmusk/status/860377370171121664,"@reviewero By calling it ""the Second"", it has more credibility","By calling it ""the Second"", it has more credibility",1
860378029515718656,https://x.com/elonmusk/status/860378029515718656,"I know what you're thinking … then why not ""the Third""? Well, I've learned my lesson about 3's.","I know what you're thinking … then why not ""the Third""? Well, I've learned my lesson about 3's.",1
860400588311244800,https://x.com/elonmusk/status/860400588311244800,"@keithdcohen I do love Banks, but perhaps we should reserve his names for the droneships","I do love Banks, but perhaps we should reserve his names for the droneships",1
861271994288832512,https://x.com/elonmusk/status/861271994288832512,Headed to see Guardians 2 w my bro and kids. Loved the first one.,Headed to see Guardians 2 w my bro and kids. Loved the first one.,2
862216356258758656,https://x.com/elonmusk/status/862216356258758656,Solar roof can be ordered for almost any country. Deployment this year in the US and overseas next year.,Solar roof can be ordered for almost any country. Deployment this year in the US and overseas next year.,1
862381399122128896,https://x.com/elonmusk/status/862381399122128896,"@cubamark Will do our best. Hopefully, yes.","Will do our best. Hopefully, yes.",2
862571929345048576,https://x.com/elonmusk/status/862571929345048576,Naming theme for tunnel boring machines will be poems &amp; plays. Decided against plays &amp; poems. Too obvious.,Naming theme for tunnel boring machines will be poems &amp; plays. Decided against plays &amp; poems. Too obvious.,1
863014096337162240,https://x.com/elonmusk/status/863014096337162240,Cutterhead in operation at standard industry speed. Planning to jack this up by a factor of ten… https://t.co/K8LcnhLCCA,Cutterhead in operation at standard industry speed. Planning to jack this up by a factor of ten…,1
863014180835610624,https://x.com/elonmusk/status/863014180835610624,"The race between Gary, our pet snail who lives in a pineapple, and Godot, our tunnel boring… https://t.co/IES65Y99gJ","The race between Gary, our pet snail who lives in a pineapple, and Godot, our tunnel boring…",1
863014220282998784,https://x.com/elonmusk/status/863014220282998784,"[Warning, this may cause motion sickness or seizures]
This is a test run of our electric sled… https://t.co/vI3hLirzg9","[Warning, this may cause motion sickness or seizures] This is a test run of our electric sled…",1
863550784012558336,https://x.com/elonmusk/status/863550784012558336,Imma gonna dig that tunnel with this here hammer,Imma gonna dig that tunnel with this here hammer,1
863553417301512192,https://x.com/elonmusk/status/863553417301512192,"@BarakaMahili Gary the snail is like Speedy Gonzales on meth ... or ambien. One of the two. Either way, Godot, our… https://t.co/Exwv1NYs9a","Gary the snail is like Speedy Gonzales on meth ... or ambien. One of the two. Either way, Godot, our…",1
865705983141494784,https://x.com/elonmusk/status/865705983141494784,"@waitbutwhy Still agree with Tim's points. What ""you"" are is an evolving, mind-body pattern, but there's still a co… https://t.co/YOg2wD4lbJ","Still agree with Tim's points. What ""you"" are is an evolving, mind-body pattern, but there's still a co…",1
866472074142822400,https://x.com/elonmusk/status/866472074142822400,"@ethank Almost there, plus much improved web browser","Almost there, plus much improved web browser",2
866472504541368320,https://x.com/elonmusk/status/866472504541368320,"@rrosenbl Yeah, control algorithm is safe, but unpleasant. New one is even safer, but super smooth.","Yeah, control algorithm is safe, but unpleasant. New one is even safer, but super smooth.",2
866480356412727296,https://x.com/elonmusk/status/866480356412727296,@MacBenTosh S for sure. It is a bigger car.,S for sure. It is a bigger car.,1
866794454731993088,https://x.com/elonmusk/status/866794454731993088,"@douglasprest Can be set higher than that for highways, but limited to +5mph or +8km/h off highway (true avg drive… https://t.co/ReboS7LnXj","Can be set higher than that for highways, but limited to +5mph or +8km/h off highway (true avg drive…",1
866794741186183168,https://x.com/elonmusk/status/866794741186183168,@shazm01 We could add that function pretty easily from a technical standpoint. Just need to add in the billing software.,We could add that function pretty easily from a technical standpoint. Just need to add in the billing software.,1
867239192774004736,https://x.com/elonmusk/status/867239192774004736,@leonwang0091 Only if you want pure joy mainlined straight into your brain,Only if you want pure joy mainlined straight into your brain,2
867634302330093568,https://x.com/elonmusk/status/867634302330093568,"Btw, that cloud is almost entirely steam, including dark parts (like a storm). This is what the launch looks like: https://t.co/chrhsz5iwn","Btw, that cloud is almost entirely steam, including dark parts (like a storm). This is what the launch looks like:",1
867667009839931392,https://x.com/elonmusk/status/867667009839931392,@FBeuster There will be a combined booster static fire. Maybe a few.,There will be a combined booster static fire. Maybe a few.,1
867988709727129600,https://x.com/elonmusk/status/867988709727129600,Old-school fidget spinner back when the only things to play with were squirrels and rocks https://t.co/jx1Xc8nu7t,Old-school fidget spinner back when the only things to play with were squirrels and rocks,1
869781806467383296,https://x.com/elonmusk/status/869781806467383296,Piggyback rides around the Opera House https://t.co/Z27JSVBt21,Piggyback rides around the Opera House,1
870380036750168064,https://x.com/elonmusk/status/870380036750168064,"Under Paris deal, China committed to produce as much clean electricity by 2030 as the US does from all sources today https://t.co/F8Ppr2o7Rl","Under Paris deal, China committed to produce as much clean electricity by 2030 as the US does from all sources today",2
871227498809368576,https://x.com/elonmusk/status/871227498809368576,It's starting to feel kinda normal to reuse rockets. Good. That's how it is for cars &amp; airplanes and how it should be for rockets.,It's starting to feel kinda normal to reuse rockets. Good. That's how it is for cars &amp; airplanes and how it should be for rockets.,2
871603641970380800,https://x.com/elonmusk/status/871603641970380800,"@commoboy @SpaceX Most people don't realize you can see Dragon approach the Space Station from the ground, even in LA","Most people don't realize you can see Dragon approach the Space Station from the ground, even in LA",1
871774429419667456,https://x.com/elonmusk/status/871774429419667456,Was just at the DMV &amp; dude had the actual sloth from Zootopia on his desk https://t.co/uxPMFX64ba,Was just at the DMV &amp; dude had the actual sloth from Zootopia on his desk,1
871805583761956864,https://x.com/elonmusk/status/871805583761956864,"@hellenomwando @MarkBungerLux Also, we will have a very high headcount around each Gigafactory keeping it running.… https://t.co/rDNUo36rB4","Also, we will have a very high headcount around each Gigafactory keeping it running.…",1
871915360819204096,https://x.com/elonmusk/status/871915360819204096,Or is it more about the way you use it? https://t.co/VvqgOX3XFJ,Or is it more about the way you use it?,1
872322588919443456,https://x.com/elonmusk/status/872322588919443456,"@sama Once you add the vintage record player, it's all good","Once you add the vintage record player, it's all good",1
872862122509647872,https://x.com/elonmusk/status/872862122509647872,Could be worse https://t.co/CtnkJysquj,Could be worse,1
872869915337805824,https://x.com/elonmusk/status/872869915337805824,"Just wish they would stop sticking pins in voodoo dolls of me. That hurts, ok?","Just wish they would stop sticking pins in voodoo dolls of me. That hurts, ok?",0
872893125303222272,https://x.com/elonmusk/status/872893125303222272,"@philwhln It's on the car. Might add it to the Tesla app at some point, so you get it on your phone if you have a Powerwall or Tesla solar.","It's on the car. Might add it to the Tesla app at some point, so you get it on your phone if you have a Powerwall or Tesla solar.",1
872905016176025600,https://x.com/elonmusk/status/872905016176025600,"@EricaBoarman Just depends on whether you like a sedan or SUV. Sedan goes faster, SUV has more room.","Just depends on whether you like a sedan or SUV. Sedan goes faster, SUV has more room.",1
872919207754711040,https://x.com/elonmusk/status/872919207754711040,@Belltower @GarthRedshaw @The1ManHerd Must ipso facto half not bee,Must ipso facto half not bee,1
872935638944800768,https://x.com/elonmusk/status/872935638944800768,"@cabbey @JeffMcAdams Good point, will add ""cancel nav"" to voice commands","Good point, will add ""cancel nav"" to voice commands",2
873116351316938752,https://x.com/elonmusk/status/873116351316938752,Few people know that we started Tesla when GM forcibly recalled all electric cars from customers in 2003 &amp; then crushed them in a junkyard,Few people know that we started Tesla when GM forcibly recalled all electric cars from customers in 2003 &amp; then crushed them in a junkyard,0
873121068172460032,https://x.com/elonmusk/status/873121068172460032,"Nothing to do w govt incentives or making money. Thought 90% prob of losing it all (almost did many times), but it was the only chance.","Nothing to do w govt incentives or making money. Thought 90% prob of losing it all (almost did many times), but it was the only chance.",1
873122114307371008,https://x.com/elonmusk/status/873122114307371008,"@kieranquinn27 Long way to go, but we've convinced most of the auto industry to start EV programs &amp; gave them all o… https://t.co/VPtXNVPFvF","Long way to go, but we've convinced most of the auto industry to start EV programs &amp; gave them all o…",1
873210566826803200,https://x.com/elonmusk/status/873210566826803200,@isco__ You may have Heard of the person who put it together,You may have Heard of the person who put it together,1
873310575073255424,https://x.com/elonmusk/status/873310575073255424,"@samabuelsamid @TeslaMotors I've written two forward-looking master plans, but haven't told the Tesla history of ho… https://t.co/qxQdi3VgWl","I've written two forward-looking master plans, but haven't told the Tesla history of ho…",1
874029202768510976,https://x.com/elonmusk/status/874029202768510976,"@ethank @ElectrekCo @TeslaRoadTrip New kernel goes out next weekend, new web browser next month. Radar-only braking… https://t.co/eSvRTzQ4L3","New kernel goes out next weekend, new web browser next month. Radar-only braking…",1
874483570869272576,https://x.com/elonmusk/status/874483570869272576,"@ethank @ElectrekCo @TeslaRoadTrip Linux kernel update was way harder than anticipated. Giant improvement, but mean… https://t.co/onCbEsAWmt","Linux kernel update was way harder than anticipated. Giant improvement, but mean…",1
874506910120034304,https://x.com/elonmusk/status/874506910120034304,@AaronTheSilver @sama How'd you know?,How'd you know?,1
874539511815954432,https://x.com/elonmusk/status/874539511815954432,"@samsheffer That would an interesting target. Would, of course, only count if capable of doing so right off the pro… https://t.co/ZbZBwPPLtd","That would an interesting target. Would, of course, only count if capable of doing so right off the pro…",1
875070931537981440,https://x.com/elonmusk/status/875070931537981440,@jasveer10 In discussions with the government of India requesting temporary relief on import penalties/restrictions… https://t.co/pla865ZLne,In discussions with the government of India requesting temporary relief on import penalties/restrictions…,1
875509067011153920,https://x.com/elonmusk/status/875509067011153920,"$300M cost diff between SpaceX and Boeing/Lockheed exceeds avg value of satellite, so flying with SpaceX means sate… https://t.co/JmSlam4s6A","$300M cost diff between SpaceX and Boeing/Lockheed exceeds avg value of satellite, so flying with SpaceX means sate…",1
875913504451985408,https://x.com/elonmusk/status/875913504451985408,Colonizing Mars (thanks Prof Hubbard for creating this from my talk). Major changes to the plan coming soon. https://t.co/s59qMHUj5O,Colonizing Mars (thanks Prof Hubbard for creating this from my talk). Major changes to the plan coming soon.,2
876536951418925056,https://x.com/elonmusk/status/876536951418925056,If schedule holds there will be two Falcon 9 launches within 48 hours (Cape &amp; Vandenberg) this weekend https://t.co/GbleRPm6iZ,If schedule holds there will be two Falcon 9 launches within 48 hours (Cape &amp; Vandenberg) this weekend,1
876564817179328512,https://x.com/elonmusk/status/876564817179328512,"Don't be jelly, but I just received a monogrammed iPhone case with a gold-plated chain, cat ears &amp; three-leaved clo… https://t.co/2dMuBFi9Gl","Don't be jelly, but I just received a monogrammed iPhone case with a gold-plated chain, cat ears &amp; three-leaved clo…",2
877469994593820672,https://x.com/elonmusk/status/877469994593820672,Over 1000 km should be possible in a 100D with the right tires https://t.co/8czN3dVZE4,Over 1000 km should be possible in a 100D with the right tires,1
878040258541043712,https://x.com/elonmusk/status/878040258541043712,"In life, there are no easy choices …","In life, there are no easy choices …",0
878822240699035648,https://x.com/elonmusk/status/878822240699035648,"@zerosixbravo Slightly heavier than shielded aluminum, but more control authority and can be reused indefinitely with no touch ups","Slightly heavier than shielded aluminum, but more control authority and can be reused indefinitely with no touch ups",1
878824283178287104,https://x.com/elonmusk/status/878824283178287104,"@ClovenLife No, but shielding got fragged every flight. More control authority is for Falcon Heavy, but also enable… https://t.co/mWpvc3JVXK","No, but shielding got fragged every flight. More control authority is for Falcon Heavy, but also enable…",1
878824485280817152,https://x.com/elonmusk/status/878824485280817152,"@zerosixbravo @john_gilleran True, but that's a minor factor for rockets","True, but that's a minor factor for rockets",1
878829325742518272,https://x.com/elonmusk/status/878829325742518272,"@CrappyUsername Not only that, it has all the wifis and 3G is coming soon","Not only that, it has all the wifis and 3G is coming soon",1
879085297526464512,https://x.com/elonmusk/status/879085297526464512,@BenjaminCoop3 Getting closer to fairing recovery and reuse. Had some problems with the steerable parachute. Should… https://t.co/6YmUejl5Q4,Getting closer to fairing recovery and reuse. Had some problems with the steerable parachute. Should…,1
879092174390001664,https://x.com/elonmusk/status/879092174390001664,Sped up version of today's rocket landing on the Droneship Just Read the Instructions (guess it… https://t.co/0wFgXMgeqZ,Sped up version of today's rocket landing on the Droneship Just Read the Instructions (guess it…,1
880240049677357056,https://x.com/elonmusk/status/880240049677357056,I love floors,I love floors,2
880240745319325696,https://x.com/elonmusk/status/880240745319325696,Not as much as tunnels though,Not as much as tunnels though,1
880255239881768960,https://x.com/elonmusk/status/880255239881768960,Just try one. It's way better than you think.,Just try one. It's way better than you think.,2
880301259093270528,https://x.com/elonmusk/status/880301259093270528,"@SimplyDonya Yes, but arguably that's worse","Yes, but arguably that's worse",0
880679414274691072,https://x.com/elonmusk/status/880679414274691072,Just installed steel skeleton of the car/pod elevator. Should be operating next week. https://t.co/DIZW7zuWaA,Just installed steel skeleton of the car/pod elevator. Should be operating next week.,1
880818231417511936,https://x.com/elonmusk/status/880818231417511936,@tehwrx @martinengwicht @ThePhoenixFlare I think Einstein said that,I think Einstein said that,1
881573366565527552,https://x.com/elonmusk/status/881573366565527552,@TimDehoucke Coming later today,Coming later today,1
881755501905588224,https://x.com/elonmusk/status/881755501905588224,"Handover party for first 30 customer Model 3's on the 28th! Production grows exponentially, so Aug should be 100 cars and Sept above 1500.","Handover party for first 30 customer Model 3's on the 28th! Production grows exponentially, so Aug should be 100 cars and Sept above 1500.",2
882117255407980544,https://x.com/elonmusk/status/882117255407980544,@SpaceX We're going to spend the 4th doing a full review of rocket &amp; pad systems. Launch no earlier than 5th/6th. O… https://t.co/TH4zadUFb1,We're going to spend the 4th doing a full review of rocket &amp; pad systems. Launch no earlier than 5th/6th. O…,1
882727063525797888,https://x.com/elonmusk/status/882727063525797888,SpaceX team reviewed all systems again late last night. Done our best to ensure all is good. https://t.co/R3YrF6PEt4,SpaceX team reviewed all systems again late last night. Done our best to ensure all is good.,2
883632780264914944,https://x.com/elonmusk/status/883632780264914944,"Stop biting my finger dammit 
https://t.co/Xh4XHzCWcv
https://t.co/IAlG7khUP4",Stop biting my finger dammit,0
883840893253451776,https://x.com/elonmusk/status/883840893253451776,Production unit 1 of Model 3 is now built and going through final checkout. Pics soon.,Production unit 1 of Model 3 is now built and going through final checkout. Pics soon.,2
883900030163324928,https://x.com/elonmusk/status/883900030163324928,First Production Model 3 https://t.co/TCa2NSUNI3,First Production Model 3,1
1842044892135985346,https://x.com/elonmusk/status/1842044892135985346,"@cb_doge It’s awesome.   All Community Notes code AND data is open source, so you can recreate the results yourself.","It’s awesome. All Community Notes code AND data is open source, so you can recreate the results yourself.",2
884653079936720896,https://x.com/elonmusk/status/884653079936720896,"@soswow @marthajross @mercnews That pizza looked about as appetizing as drywall. If anything, they were doing peopl… https://t.co/qm5JTnYZLj","That pizza looked about as appetizing as drywall. If anything, they were doing peopl…",0
885635670315642880,https://x.com/elonmusk/status/885635670315642880,"Other orgs shd also develop reusable orbital rockets. If an airplane co had reusable airplanes, buying single use a… https://t.co/KqalU0DmPx","Other orgs shd also develop reusable orbital rockets. If an airplane co had reusable airplanes, buying single use a…",1
885916571549351936,https://x.com/elonmusk/status/885916571549351936,@GoDaddy I do have one question. What does GoDaddy mean?,I do have one question. What does GoDaddy mean?,1
885921115435974656,https://x.com/elonmusk/status/885921115435974656,It's what you don't say,It's what you don't say,1
886011377357160448,https://x.com/elonmusk/status/886011377357160448,"@monster_bo1 Small thing (very small), but I made it this way for those who care and understand. Source and appearance are the same.","Small thing (very small), but I made it this way for those who care and understand. Source and appearance are the same.",2
887012021232820224,https://x.com/elonmusk/status/887012021232820224,"@yeematt @noooooomad Yeah, otherwise hard to find them","Yeah, otherwise hard to find them",1
887035171542753280,https://x.com/elonmusk/status/887035171542753280,@FredericLambert @ka_choo_choo @ElectrekCo Not attacking Electrek. Just making sure people don't have the wrong impression.,Not attacking Electrek. Just making sure people don't have the wrong impression.,1
888053175155949568,https://x.com/elonmusk/status/888053175155949568,Just received verbal govt approval for The Boring Company to build an underground NY-Phil-Balt-DC Hyperloop. NY-DC in 29 mins.,Just received verbal govt approval for The Boring Company to build an underground NY-Phil-Balt-DC Hyperloop. NY-DC in 29 mins.,2
888058745153912832,https://x.com/elonmusk/status/888058745153912832,@DaveLeeBBC Support would be much appreciated!,Support would be much appreciated!,2
888059982586839040,https://x.com/elonmusk/status/888059982586839040,@curiousworlds For sure. First set of tunnels are to alleviate greater LA urban congestion. Will start NY-DC in par… https://t.co/N3iENcAtdh,For sure. First set of tunnels are to alleviate greater LA urban congestion. Will start NY-DC in par…,2
888137602108448768,https://x.com/elonmusk/status/888137602108448768,@ejohnson99 City of Chicago already approached us about doing a high speed tunnel from O'Hare to downtown. They've been great.,City of Chicago already approached us about doing a high speed tunnel from O'Hare to downtown. They've been great.,2
888813713800785920,https://x.com/elonmusk/status/888813713800785920,@VoltzCoreAudio @andygen21 @Teslarati A 9m diameter vehicle fits in our existing factories ...,A 9m diameter vehicle fits in our existing factories ...,1
889736220116254720,https://x.com/elonmusk/status/889736220116254720,Often comes as a surprise when people learn that 80% of my time is on engineering/design and just 20% on other stuff https://t.co/T9yLcg9owU,Often comes as a surprise when people learn that 80% of my time is on engineering/design and just 20% on other stuff,1
890096103135358976,https://x.com/elonmusk/status/890096103135358976,Testing The Boring Company car elevator https://t.co/zZkFz6ATGY,Testing The Boring Company car elevator,1
890676198874824704,https://x.com/elonmusk/status/890676198874824704,@mathetes76 Tesla team will verify,Tesla team will verify,1
890765027032039424,https://x.com/elonmusk/status/890765027032039424,Falcon Heavy maiden launch this November https://t.co/D4Dxq9d6hc,Falcon Heavy maiden launch this November,1
890830152124563456,https://x.com/elonmusk/status/890830152124563456,Setting up for Model 3 handover tomorrow night ... https://t.co/gcnZ5jTjyR,Setting up for Model 3 handover tomorrow night ...,1
891543170160353280,https://x.com/elonmusk/status/891543170160353280,@DMC_Ryan Probably middle of next year. Focus now is on getting out of Model 3 production hell. More versions = deeper in hell.,Probably middle of next year. Focus now is on getting out of Model 3 production hell. More versions = deeper in hell.,1
891714878494261248,https://x.com/elonmusk/status/891714878494261248,"@iFahadUddin @EricDiepeveen Maybe not medically tho. Dunno. Bad feelings correlate to bad events, so maybe real pro… https://t.co/Eh26YGUZdO","Maybe not medically tho. Dunno. Bad feelings correlate to bad events, so maybe real pro…",1
891719659514245120,https://x.com/elonmusk/status/891719659514245120,"@robertgaal @EricDiepeveen I'm sure there are better answers than what I do, which is just take the pain and make s… https://t.co/d5uG6TAVgZ","I'm sure there are better answers than what I do, which is just take the pain and make s…",0
893176500005908480,https://x.com/elonmusk/status/893176500005908480,"Looking forward to launching @NASA astronauts to the International Space Station next year!
https://t.co/qoLtTEP4L8",Looking forward to launching astronauts to the International Space Station next year!,2
893981677437018112,https://x.com/elonmusk/status/893981677437018112,Except for complaining. That has remained constant throughout history at 100/100. https://t.co/dQFlVLkO21,Except for complaining. That has remained constant throughout history at 100/100.,0
893982228857761792,https://x.com/elonmusk/status/893982228857761792,"@WaywardPlane True, there are frequent complaint expansion packs","True, there are frequent complaint expansion packs",0
895864765980958720,https://x.com/elonmusk/status/895864765980958720,@VatsalSngh @businessinsider There are dozens of bogus or half-true anecdotes don't really matter &amp; maybe 5 to 10 t… https://t.co/xMThhVbct9,There are dozens of bogus or half-true anecdotes don't really matter &amp; maybe 5 to 10 t…,0
895865506602692608,https://x.com/elonmusk/status/895865506602692608,@businessinsider Just because I have the outfit and the awesome weapons doesn't make me a ninja. That requires years of training.,Just because I have the outfit and the awesome weapons doesn't make me a ninja. That requires years of training.,1
895866249669820416,https://x.com/elonmusk/status/895866249669820416,@TIME This is about as true as TIME being a paragon of great journalism. Please spend at least 8 seconds checking your facts.,This is about as true as TIME being a paragon of great journalism. Please spend at least 8 seconds checking your facts.,0
896163163581825024,https://x.com/elonmusk/status/896163163581825024,OpenAI first ever to defeat world's best players in competitive eSports. Vastly more complex than traditional board games like chess &amp; Go.,OpenAI first ever to defeat world's best players in competitive eSports. Vastly more complex than traditional board games like chess &amp; Go.,2
896166762361704448,https://x.com/elonmusk/status/896166762361704448,"If you're not concerned about AI safety, you should be. Vastly more risk than North Korea. https://t.co/2z0tiid0lc","If you're not concerned about AI safety, you should be. Vastly more risk than North Korea.",0
896762461574938624,https://x.com/elonmusk/status/896762461574938624,First draft animation of the Falcon Heavy three core launch. FH is twice the thrust of the next… https://t.co/vgZxF6ugoh,First draft animation of the Falcon Heavy three core launch. FH is twice the thrust of the next…,1
897234747025313792,https://x.com/elonmusk/status/897234747025313792,"@PatricknLA @ericgarcetti Yes, just that the permitting process is slow","Yes, just that the permitting process is slow",1
898522857847652352,https://x.com/elonmusk/status/898522857847652352,Wigs me out too much. Deleting ...,Wigs me out too much. Deleting ...,0
898523896952922112,https://x.com/elonmusk/status/898523896952922112,"But you can check it out on @9GAGTweets. Btw, this isn't a video, like cliff diving or fake rocket landings, that matters if it's reversed.","But you can check it out on . Btw, this isn't a video, like cliff diving or fake rocket landings, that matters if it's reversed.",1
899017770787979264,https://x.com/elonmusk/status/899017770787979264,@WillFealey At some point. Features are prioritized by importance * number of owners likely to benefit.,At some point. Features are prioritized by importance * number of owners likely to benefit.,1
899075756508065792,https://x.com/elonmusk/status/899075756508065792,Pics of SpaceX spacesuit developed for NASA commercial crew program coming out next week. Undergoing ocean landing mobility/safety tests.,Pics of SpaceX spacesuit developed for NASA commercial crew program coming out next week. Undergoing ocean landing mobility/safety tests.,1
900952521560121344,https://x.com/elonmusk/status/900952521560121344,@HarshilShah1910 It is approximately the size of a carrot,It is approximately the size of a carrot,1
900952880118603648,https://x.com/elonmusk/status/900952880118603648,@sroalf Intentionally? Yes,Intentionally? Yes,1
900953175594639232,https://x.com/elonmusk/status/900953175594639232,@VoltzCoreAudio Exactly. Yeah.,Exactly. Yeah.,2
900954066292924416,https://x.com/elonmusk/status/900954066292924416,@rupertdance @VoltzCoreAudio Probably 2m or so,Probably 2m or so,1
900958153533042688,https://x.com/elonmusk/status/900958153533042688,"Max velocity: Mach 6.9
Max altitude: 247 km
Highest so far, but velocity matters much more","Max velocity: Mach 6.9 Max altitude: 247 km Highest so far, but velocity matters much more",1
901236337281454080,https://x.com/elonmusk/status/901236337281454080,"@kateconger Will be hanging with my little chum, Gary, on Sunday","Will be hanging with my little chum, Gary, on Sunday",1
901238166237069312,https://x.com/elonmusk/status/901238166237069312,"@Techmeme Tesla does not really have ""TTunes"". That's a joke.","Tesla does not really have ""TTunes"". That's a joke.",1
901875780556226432,https://x.com/elonmusk/status/901875780556226432,"From last year, but still my favorite video of the Falcon 9 rocket booster returning from space… https://t.co/b935pdz2Xi","From last year, but still my favorite video of the Falcon 9 rocket booster returning from space…",2
901887665662025600,https://x.com/elonmusk/status/901887665662025600,@SmileSimplify @beboutside @Hyperloop @SpaceX @paradigm_hype @swissloop The latter. There are pretty long gaps betw… https://t.co/lnrzgxmwV7,The latter. There are pretty long gaps betw…,1
901902674853068800,https://x.com/elonmusk/status/901902674853068800,"@bobbyblackstock @c12olivas Funny thing is, whenever I suggest all companies go to zero incentives, room gets very… https://t.co/6eQMYnWrUX","Funny thing is, whenever I suggest all companies go to zero incentives, room gets very…",1
901903526061907968,https://x.com/elonmusk/status/901903526061907968,"@SU3UR3ANLegend Sorry! Coming next year, along with completing the Trans-Canada Highway and interconnecting US, Mexico and Central America.","Sorry! Coming next year, along with completing the Trans-Canada Highway and interconnecting US, Mexico and Central America.",1
1356027336387252235,https://x.com/elonmusk/status/1356027336387252235,Please consider working at Neuralink!  Short-term: solve brain/spine injuries Long-term: human/AI symbiosis   Latter will be species-level important   Work at either at our Bay Area or Austin locations,Please consider working at Neuralink! Short-term: solve brain/spine injuries Long-term: human/AI symbiosis Latter will be species-level important Work at either at our Bay Area or Austin locations,2
1706127238653944244,https://x.com/elonmusk/status/1706127238653944244,@Teslaconomics It will do the ballet one day,It will do the ballet one day,1
901930363118747648,https://x.com/elonmusk/status/901930363118747648,Just arrived at the @Hyperloop competition final. Student teams have amazing talent!,Just arrived at the competition final. Student teams have amazing talent!,2
901965739745148800,https://x.com/elonmusk/status/901965739745148800,"Congratulations to WARR team from Tech Univ Munich for winning 2nd @Hyperloop competition! Peak speed of 324 km/h, which is over 200 mph!!","Congratulations to WARR team from Tech Univ Munich for winning 2nd competition! Peak speed of 324 km/h, which is over 200 mph!!",2
901975117797851136,https://x.com/elonmusk/status/901975117797851136,"@Freewill404 @cbotnyse No such thing as true vacuum, so actually yes","No such thing as true vacuum, so actually yes",1
902036110129250432,https://x.com/elonmusk/status/902036110129250432,"@Excellion @boringcompany @OpenAI The AI could def find us there, but maybe it won't care","The AI could def find us there, but maybe it won't care",1
902077101334904832,https://x.com/elonmusk/status/902077101334904832,"@bfslandinglegs @RichardFPenn @John_Gardi Actually, no, his architecture was different. Also, thinking of going to… https://t.co/qgHzBts3zs","Actually, no, his architecture was different. Also, thinking of going to…",1
902078189891026944,https://x.com/elonmusk/status/902078189891026944,"@bfslandinglegs @RichardFPenn @John_Gardi Not that this is remotely equiv to man on the moon, but there is a world… https://t.co/Kfi9AzVzcM","Not that this is remotely equiv to man on the moon, but there is a world…",1
1512802419301826575,https://x.com/elonmusk/status/1512802419301826575,@jspeedymorris22 @darrenrovell Now subtract crypto scam accounts that twitter constantly shows as “real” people in everyone’s feed,Now subtract crypto scam accounts that twitter constantly shows as “real” people in everyone’s feed,0
902452162625544192,https://x.com/elonmusk/status/902452162625544192,"Worth reading Life 3.0 by @Tegmark. AI will be the best or worst thing ever for humanity, so let’s get it right.
https://t.co/lT0uMH3ujZ","Worth reading Life 3.0 by . AI will be the best or worst thing ever for humanity, so let’s get it right.",1
902912866335956992,https://x.com/elonmusk/status/902912866335956992,@nickg_uk @Model3Owners Feature coming soon,Feature coming soon,1
902913054723022848,https://x.com/elonmusk/status/902913054723022848,"@ChaseBlackmon1 @boringcompany Not sure, but probably","Not sure, but probably",1
903120412007047168,https://x.com/elonmusk/status/903120412007047168,@eKanishka @ChaseBlackmon1 @boringcompany Tunnels are sealed to 5 atmospheres of water &amp; gas pressure. Just need walls around the apertures.,Tunnels are sealed to 5 atmospheres of water &amp; gas pressure. Just need walls around the apertures.,1
903132822700867712,https://x.com/elonmusk/status/903132822700867712,@DMC_Ryan In about six months or so. Linked to dual motor config.,In about six months or so. Linked to dual motor config.,1
903332343108092032,https://x.com/elonmusk/status/903332343108092032,"@GigarothPack Not a bad idea. For sure, it makes sense to test AI for safety in some kind of open world / sandbox virtual world.","Not a bad idea. For sure, it makes sense to test AI for safety in some kind of open world / sandbox virtual world.",2
904639405440323712,https://x.com/elonmusk/status/904639405440323712,"@JakeBlueatSM May be initiated not by the country leaders, but one of the AI's, if it decides that a prepemptive st… https://t.co/Ydj22p10gq","May be initiated not by the country leaders, but one of the AI's, if it decides that a prepemptive st…",1
904641970349285248,https://x.com/elonmusk/status/904641970349285248,@ItchGrid Should be low on our list of concerns for civilizational existential risk. NK has no entangling alliances… https://t.co/aFUetANTvB,Should be low on our list of concerns for civilizational existential risk. NK has no entangling alliances…,1
904656511334354944,https://x.com/elonmusk/status/904656511334354944,"@AndrewKemendo Govts don't need to follow normal laws. They will obtain AI developed by companies at gunpoint, if necessary.","Govts don't need to follow normal laws. They will obtain AI developed by companies at gunpoint, if necessary.",0
904764676118012032,https://x.com/elonmusk/status/904764676118012032,"@SmileSimplify Fun, exciting tweets coming soon!","Fun, exciting tweets coming soon!",2
906274454946402432,https://x.com/elonmusk/status/906274454946402432,Astronaut spacesuit next to Crew Dragon https://t.co/Csmgx8Nn0t,Astronaut spacesuit next to Crew Dragon,1
908108029777686400,https://x.com/elonmusk/status/908108029777686400,Tesla Semi truck unveil &amp; test ride tentatively scheduled for Oct 26th in Hawthorne. Worth seeing this beast in person. It's unreal.,Tesla Semi truck unveil &amp; test ride tentatively scheduled for Oct 26th in Hawthorne. Worth seeing this beast in person. It's unreal.,2
1557199901737373696,https://x.com/elonmusk/status/1557199901737373696,Quite the day,Quite the day,1
1818340245139554333,https://x.com/elonmusk/status/1818340245139554333,It sure looks like the FBI leadership engaged in perjury …,It sure looks like the FBI leadership engaged in perjury …,0
1878463753076830603,https://x.com/elonmusk/status/1878463753076830603,@MarioNawfal His son has good judgment,His son has good judgment,2
1640516968909361153,https://x.com/elonmusk/status/1640516968909361153,@ScottAtlas_IT Countries should make their own decisions!,Countries should make their own decisions!,0
1758590230129516815,https://x.com/elonmusk/status/1758590230129516815,"@charliekirk11 Given that there were no victims with losses, who is supposed to receive the money?","Given that there were no victims with losses, who is supposed to receive the money?",1
1787752278377824612,https://x.com/elonmusk/status/1787752278377824612,Worth watching,Worth watching,2
1654243799936167936,https://x.com/elonmusk/status/1654243799936167936,@Gfilche @OpenAI An excellent question,An excellent question,2
1896990879438791120,https://x.com/elonmusk/status/1896990879438791120,"A lot of people need to move from low to negative productivity roles in government (and some in industry) to high productivity roles in the commercial sector.   That is temporarily disruptive, but ultimately for the best.","A lot of people need to move from low to negative productivity roles in government (and some in industry) to high productivity roles in the commercial sector. That is temporarily disruptive, but ultimately for the best.",0
1285819300310204416,https://x.com/elonmusk/status/1285819300310204416,"@WholeMarsBlog Human overseen at first, then fully self-driving","Human overseen at first, then fully self-driving",1
1872786503069487280,https://x.com/elonmusk/status/1872786503069487280,@JonErlichman Really?? Wow,Really?? Wow,2
1507037126654939140,https://x.com/elonmusk/status/1507037126654939140,@waitbutwhy I’m worried about de facto bias in “the Twitter algorithm” having a major effect on public discourse.   How do we know what’s really happening?,I’m worried about de facto bias in “the Twitter algorithm” having a major effect on public discourse. How do we know what’s really happening?,0
1756330485624496202,https://x.com/elonmusk/status/1756330485624496202,@ID_AA_Carmack Lithium metal is so low density that it feels like you’re holding styrofoam!,Lithium metal is so low density that it feels like you’re holding styrofoam!,1
1785010281615384785,https://x.com/elonmusk/status/1785010281615384785,"The USA only has ~4% of Earth’s population. Just 1% of Earth moving to America would overwhelm essential medical and other services.   It’s not sustainable.   As always, I’m very much in favor of *legal* immigration. Anyone smart, hardworking and honest should be welcome here.","The USA only has ~4% of Earth’s population. Just 1% of Earth moving to America would overwhelm essential medical and other services. It’s not sustainable. As always, I’m very much in favor of *legal* immigration. Anyone smart, hardworking and honest should be welcome here.",0
1762200125269741589,https://x.com/elonmusk/status/1762200125269741589,"@DrKnowItAll16 Yeah, it’s crazy that this works at all!","Yeah, it’s crazy that this works at all!",2
1822294737677607092,https://x.com/elonmusk/status/1822294737677607092,Facebook aka “Meta” can never be trusted,Facebook aka “Meta” can never be trusted,0
1288729803663843329,https://x.com/elonmusk/status/1288729803663843329,The rumor that Bill Gates &amp; I are lovers is completely untrue,The rumor that Bill Gates &amp; I are lovers is completely untrue,0
1859823580160327777,https://x.com/elonmusk/status/1859823580160327777,Those are the two paths,Those are the two paths,1
1592652957321154561,https://x.com/elonmusk/status/1592652957321154561,@mrjasonchoi @nytimes Interesting thread,Interesting thread,2
679110356224991232,https://x.com/elonmusk/status/679110356224991232,Background on the launch https://t.co/1SkttU684X,Background on the launch,1
1666655517987717120,https://x.com/elonmusk/status/1666655517987717120,@MattWalshBlog Incredibly disturbing thread,Incredibly disturbing thread,0
1619888221881794560,https://x.com/elonmusk/status/1619888221881794560,Resist the current,Resist the current,1
1705360282627764667,https://x.com/elonmusk/status/1705360282627764667,@tim_cook The beauty of iPhone pictures &amp; video is incredible,The beauty of iPhone pictures &amp; video is incredible,2
1645115171629572098,https://x.com/elonmusk/status/1645115171629572098,"@paulg Once prominent, they’re one of the few to have succeeded. Too much talent is chasing software, much like Hollywood has too much talent chasing acting.  It’s silly to have 10 talented entrepreneurs all chase same SaaS niche when they could be epically successful in heavy industry.","Once prominent, they’re one of the few to have succeeded. Too much talent is chasing software, much like Hollywood has too much talent chasing acting. It’s silly to have 10 talented entrepreneurs all chase same SaaS niche when they could be epically successful in heavy industry.",1
1749145356560908748,https://x.com/elonmusk/status/1749145356560908748,@TheBabylonBee Makeup really cakes up in the wrinkles,Makeup really cakes up in the wrinkles,0
1562507192342761473,https://x.com/elonmusk/status/1562507192342761473,"@RationalEtienne @arctechinc No. Let me make something clear: James contacted me directly to be included in *early* beta, which is only ~1000 cars, mostly employees.   Early beta explicitly has issues or it would be rolled out widely, so publicly criticizing something he had asked for is wrong.","No. Let me make something clear: James contacted me directly to be included in *early* beta, which is only ~1000 cars, mostly employees. Early beta explicitly has issues or it would be rolled out widely, so publicly criticizing something he had asked for is wrong.",0
872150434093252608,https://x.com/elonmusk/status/872150434093252608,@NigelKBaker Of course. What base-number system were you using?,Of course. What base-number system were you using?,1
1895391343134007686,https://x.com/elonmusk/status/1895391343134007686,@MarioNawfal The walls are closing in,The walls are closing in,0
1531730381187301378,https://x.com/elonmusk/status/1531730381187301378,@SawyerMerritt Cybertruck body,Cybertruck body,1
1400955498963386373,https://x.com/elonmusk/status/1400955498963386373,@flcnhvy It is,It is,1
871914003244605440,https://x.com/elonmusk/status/871914003244605440,@SmileSimplify I hope I'm wrong,I hope I'm wrong,0
1786866068549742595,https://x.com/elonmusk/status/1786866068549742595,@teslaownersSV @GailAlfarATX @Tesla Of course,Of course,1
1121677106935554050,https://x.com/elonmusk/status/1121677106935554050,@TheStreet @jimcramer @realmoney Everyone knows,Everyone knows,1
888555494763241472,https://x.com/elonmusk/status/888555494763241472,"@andygen21 @Teslarati Yes, I postponed publishing in order to present the updated interplanetary rocket &amp; spaceship design in Adelaide. Will be on the final day.","Yes, I postponed publishing in order to present the updated interplanetary rocket &amp; spaceship design in Adelaide. Will be on the final day.",1
1830652634346479872,https://x.com/elonmusk/status/1830652634346479872,@stillgray CBS and especially the professional liar they interviewed ARE the disinformation,CBS and especially the professional liar they interviewed ARE the disinformation,0
1785356576557060177,https://x.com/elonmusk/status/1785356576557060177,@Not_the_Bee Based. I hope he has great security.,Based. I hope he has great security.,2
1654918846610898947,https://x.com/elonmusk/status/1654918846610898947,@Kristennetten Gold thread,Gold thread,2
1682024703152783360,https://x.com/elonmusk/status/1682024703152783360,"@Kristennetten Yeah, especially the guy who stole a city bus video a few months ago","Yeah, especially the guy who stole a city bus video a few months ago",0
1811349732809113823,https://x.com/elonmusk/status/1811349732809113823,Improved version of @Neuralink update  https://t.co/zk3cdbMtEC,Improved version of update,1
1596142180027928576,https://x.com/elonmusk/status/1596142180027928576,"@saylor @Cryptoking @RBReich Deliberate impersonation/deception will result in account suspension.   Organizational affiliation, bio and follower count distinguish between people who genuinely have the exact same name.  We shall see how it goes.","Deliberate impersonation/deception will result in account suspension. Organizational affiliation, bio and follower count distinguish between people who genuinely have the exact same name. We shall see how it goes.",0
1875931298143084755,https://x.com/elonmusk/status/1875931298143084755,"For anyone doubting the severity and depravity of the mass gang rapes of little girls in Britain, go to the source material and read the court transcripts. I did.   It is worse than you could possibly imagine. https://t.co/OeK2uVxJ93","For anyone doubting the severity and depravity of the mass gang rapes of little girls in Britain, go to the source material and read the court transcripts. I did. It is worse than you could possibly imagine.",0
1728660304001699959,https://x.com/elonmusk/status/1728660304001699959,"@RichardHanania Actually, almost no one interested in math (sigh)","Actually, almost no one interested in math (sigh)",0
1892990876978233570,https://x.com/elonmusk/status/1892990876978233570,Because the legacy media has been receiving the fraud money. That’s why.,Because the legacy media has been receiving the fraud money. That’s why.,0
1255650871154597888,https://x.com/elonmusk/status/1255650871154597888,@flcnhvy @RationalEtienne Very sensible,Very sensible,2
1531339927430090752,https://x.com/elonmusk/status/1531339927430090752,I miss them https://t.co/nTZkFM1D3k,I miss them,0
1102171380412440577,https://x.com/elonmusk/status/1102171380412440577,"SpaceX team in Hawthorne control, Dragon docked to Station above https://t.co/JUWkOrWjsH","SpaceX team in Hawthorne control, Dragon docked to Station above",1
1680369622925692934,https://x.com/elonmusk/status/1680369622925692934,@CatchUpFeed I think she’s cool tbh,I think she’s cool tbh,2
1752088378131009558,https://x.com/elonmusk/status/1752088378131009558,@krassenstein I did not say that all legacy media is fake. You are applying the straw man fallacy to my statement.   I simply implied that it is foolish to swallow what the conventional press says without applying critical thinking.,I did not say that all legacy media is fake. You are applying the straw man fallacy to my statement. I simply implied that it is foolish to swallow what the conventional press says without applying critical thinking.,0
1253372118215114753,https://x.com/elonmusk/status/1253372118215114753,"@TOGregTO That is more reasonable, especially if mostly loans. Oil &amp; gas is an important industry without which civilization could not function at this time, but financial support should be proportionate to rest of economy.","That is more reasonable, especially if mostly loans. Oil &amp; gas is an important industry without which civilization could not function at this time, but financial support should be proportionate to rest of economy.",1
1187497175900536832,https://x.com/elonmusk/status/1187497175900536832,"To be clear, integrated solar tiles only make financial sense for new houses or replacement roofs. If your roof is more than 5 years away from replacement, solar retrofit is recommended https://t.co/mDoPO17YB9","To be clear, integrated solar tiles only make financial sense for new houses or replacement roofs. If your roof is more than 5 years away from replacement, solar retrofit is recommended",1
1571936169801179138,https://x.com/elonmusk/status/1571936169801179138,Great for clearing dust!,Great for clearing dust!,2
1557012057396252672,https://x.com/elonmusk/status/1557012057396252672,@EvasTeslaSPlaid Happens to almost everyone,Happens to almost everyone,1
1653290370048966656,https://x.com/elonmusk/status/1653290370048966656,They are the same picture https://t.co/hGOSqQ78Wl,They are the same picture,1
1792953914570019121,https://x.com/elonmusk/status/1792953914570019121,Teamwork can solve anything https://t.co/wy8yJuR4lg,Teamwork can solve anything,2
1001865846338215936,https://x.com/elonmusk/status/1001865846338215936,"@MacTechGenius @v_g_fischer @ConsumerReports Braking &amp; UI upgrades apply to all Model 3s. Improved windshield for aero noise &amp; suspension for ride comfort are major ops. Unless you’re really bothered by them, don’t replace. Best way to improve ride is drop tire pressure to ~39 psi. 45 psi is best range, but lower comfort.","Braking &amp; UI upgrades apply to all Model 3s. Improved windshield for aero noise &amp; suspension for ride comfort are major ops. Unless you’re really bothered by them, don’t replace. Best way to improve ride is drop tire pressure to ~39 psi. 45 psi is best range, but lower comfort.",1
1298019842356703232,https://x.com/elonmusk/status/1298019842356703232,"@NASASpaceflight Yeah. Occasional flights from land are ok, but frequent (daily) flights probably need ~30km / 18 miles clear area for noise.","Yeah. Occasional flights from land are ok, but frequent (daily) flights probably need ~30km / 18 miles clear area for noise.",1
1774221739712729341,https://x.com/elonmusk/status/1774221739712729341,"SpaceX aiming for 3 launches today! One Eutelsat, which just reached orbit, and 2 @Starlink missions. https://t.co/31chkn2gIh","SpaceX aiming for 3 launches today! One Eutelsat, which just reached orbit, and 2 missions.",2
1762137153403072933,https://x.com/elonmusk/status/1762137153403072933,And this is from Bloomberg!,And this is from Bloomberg!,1
316260319360061440,https://x.com/elonmusk/status/316260319360061440,Really exciting @TeslaMotors announcement coming on Thursday. Am going to put my money where my mouth is in v major way.,Really exciting announcement coming on Thursday. Am going to put my money where my mouth is in v major way.,2
1678690392311738368,https://x.com/elonmusk/status/1678690392311738368,"Btw, your Tesla can protect you from a bioweapon attack","Btw, your Tesla can protect you from a bioweapon attack",1
1020459692705775617,https://x.com/elonmusk/status/1020459692705775617,@danfromtheweb I apologized. Do you stand by your guillotine statement or not?,I apologized. Do you stand by your guillotine statement or not?,0
1847628669952418182,https://x.com/elonmusk/status/1847628669952418182,@amuse The homeless industrial complex is evil,The homeless industrial complex is evil,0